ticker,price,date,mcap,pe,fpe,div,rating,target,lo,hi
CMCSA,21.60,2026-09-29,76.65B,7.05,6.26,0.0611,Hold,29.14,21.28,32.86
AVGO,355.10,2026-09-29,1.70T,45.33,20.51,0.0073,Strong Buy,531.85,289.96,495.00
MU,1065.08,2026-09-29,1.20T,24.04,7.17,0.0006,Strong Buy,1520.76,159.97,1255.00
GOOGL,340.92,2026-09-29,4.17T,17.11,25.40,0.0026,Strong Buy,429.46,235.84,408.61
TSM,456.94,2026-09-29,2.01T,28.90,19.85,0.0070,Strong Buy,552.26,266.82,479.00
NXPI,236.47,2026-09-29,59.63B,20.20,14.15,0.0172,Buy,311.10,183.00,339.95
AMZN,246.67,2026-09-29,2.66T,19.84,26.30,,Strong Buy,329.54,196.00,287.20
MSFT,508.96,2026-09-29,3.78T,28.35,25.76,0.0077,Strong Buy,577.26,349.20,553.72
NVDA,227.21,2026-09-29,5.49T,28.94,18.99,0.0044,Strong Buy,327.70,164.27,236.54
SAP,210.85,2026-09-29,242.38B,27.21,23.93,0.0101,Buy,251.50,144.97,281.37
SONY,23.37,2026-09-29,138.99B,,17.02,0.0047,Buy,30.00,19.32,30.34
RELX,33.24,2026-09-29,57.36B,19.11,16.65,0.0276,Strong Buy,53.05,27.57,47.97
HII,259.64,2026-09-29,10.23B,15.31,13.18,0.0213,Buy,367.25,256.79,460.00
LMT,512.21,2026-09-29,118.21B,19.09,16.80,0.0269,Buy,637.84,437.25,692.00
AVAV,143.24,2026-09-29,7.25B,,43.17,,Buy,219.35,135.20,417.86
HONA,155.44,2026-09-29,49.27B,25.32,18.96,,Buy,209.50,149.19,297.50
FER,55.77,2026-09-28,39.90B,57.63,46.65,0.0232,Buy,75.94,53.91,74.79
OTIS,65.63,2026-09-29,24.98B,17.05,15.65,0.0268,Buy,88.25,65.13,94.57
CNH,13.26,2026-09-28,16.41B,53.02,24.38,0.0075,Buy,13.94,9.00,14.46
LIN,473.37,2026-09-29,218.21B,30.55,25.32,0.0135,Buy,542.60,387.78,548.20
CTVA,77.87,2026-09-29,51.95B,48.38,19.72,0.0092,Buy,92.60,60.54,90.97
ECL,278.19,2026-09-29,77.98B,37.60,32.42,0.0105,Buy,324.95,243.15,309.27
VNT,31.48,2026-09-25,4.26B,12.98,8.67,0.0032,Buy,41.05,27.25,48.20
MAS,67.91,2026-09-28,13.34B,15.68,15.48,0.0189,Buy,80.33,58.17,83.64
FSLR,176.93,2026-09-29,19.01B,10.91,8.36,,Buy,272.10,170.80,320.95
EXE,84.18,2026-09-29,19.49B,7.26,11.05,0.0273,Buy,125.52,83.25,126.62
EQT,48.88,2026-09-29,30.58B,11.34,15.85,0.0135,Strong Buy,67.54,47.94,68.24
FANG,183.95,2026-09-29,51.51B,35.93,9.72,0.0239,Strong Buy,234.52,137.03,216.90
ET,19.93,2026-09-29,68.62B,13.65,12.08,0.0682,Strong Buy,24.70,16.18,21.84
OVV,59.53,2026-09-28,16.40B,17.22,7.87,0.0202,Buy,76.17,35.47,67.51
AR,34.01,2026-09-29,10.46B,9.84,8.28,,Buy,50.10,29.10,45.75
BKR,55.92,2026-09-29,55.51B,18.36,21.26,0.0165,Buy,72.04,43.92,70.41
DVN,46.60,2026-09-29,53.59B,9.99,9.19,0.0275,Strong Buy,60.39,31.47,52.71
BX,114.00,2026-09-29,141.79B,25.52,17.78,0.0416,Buy,144.38,101.73,177.23
BAC,54.96,2026-09-29,384.32B,12.70,11.18,0.0233,Buy,68.62,46.12,65.23
WFC,80.48,2026-09-29,243.37B,11.70,10.86,0.0249,Buy,100.46,72.78,97.76
BR,160.95,2026-09-29,18.35B,16.77,15.26,0.0271,Buy,213.38,133.83,238.73
LPLA,312.68,2026-09-28,24.62B,24.92,13.77,0.0038,Buy,430.00,260.15,400.16
MKTX,164.19,2026-09-25,5.78B,19.37,19.81,0.0190,Hold,158.00,108.75,195.97
SCHW,99.10,2026-09-29,171.38B,18.05,13.70,0.0129,Buy,125.45,83.96,114.53
SPGI,392.45,2026-09-29,115.68B,23.90,20.78,0.0099,Strong Buy,520.30,381.61,552.25
AMP,497.32,2026-09-29,43.93B,11.99,10.13,0.0137,Hold,579.45,422.37,572.56
AJG,229.53,2026-09-28,58.84B,38.35,16.49,0.0122,Buy,291.28,190.75,313.55
RF,27.37,2026-09-28,23.32B,11.23,10.18,0.0438,Hold,32.84,22.70,32.47
CI,275.26,2026-09-29,72.73B,11.38,8.70,0.0227,Buy,341.83,239.51,315.47
ELV,392.73,2026-09-29,85.17B,17.56,14.56,0.0175,Buy,451.38,274.84,436.24
IONS,45.89,2026-09-29,7.63B,,,,Buy,83.64,43.01,86.74
FMS,22.22,2026-09-21,11.81B,11.02,10.11,0.0273,Hold,25.67,20.02,27.64
PBH,46.61,2026-09-25,2.21B,13.04,9.93,,Buy,67.80,42.62,71.07
SNN,26.91,2026-09-25,11.23B,17.68,11.62,0.0284,Hold,32.89,26.40,37.51
ZBH,90.95,2026-09-29,17.35B,22.11,10.38,0.0106,Buy,107.57,79.12,106.88
ZTS,70.22,2026-09-29,29.04B,11.65,11.55,0.0302,Buy,96.00,69.52,148.79
GEHC,66.46,2026-09-29,30.02B,15.31,12.86,0.0024,Buy,83.05,58.75,89.77
IQV,268.99,2026-09-29,44.28B,33.55,19.86,,Strong Buy,277.94,154.50,277.40
MDLN,34.70,2026-09-25,45.62B,43.61,23.60,,Buy,44.60,31.49,50.88
PEP,128.69,2026-09-29,175.65B,16.86,14.83,0.0460,Hold,151.09,126.42,171.48
CPB,20.23,2026-09-29,6.03B,15.26,11.81,0.0494,Hold,20.79,19.26,32.22
CLX,81.60,2026-09-29,9.87B,16.96,14.09,0.0613,Hold,100.76,80.84,128.90
STZ,112.77,2026-09-29,19.26B,10.77,9.61,0.0365,Buy,165.48,111.54,168.60
KHC,23.45,2026-09-29,27.81B,,11.84,0.0682,Hold,25.47,21.04,28.09
GIS,33.82,2026-09-29,18.08B,,10.90,0.0722,Hold,37.00,31.75,51.26
MDLZ,59.32,2026-09-29,75.71B,22.05,18.65,0.0351,Buy,69.13,51.20,66.65
HD,288.04,2026-09-29,287.37B,20.15,18.67,0.0324,Buy,377.19,287.34,410.95
LEN,83.01,2026-09-29,20.00B,15.54,17.28,0.0241,Hold,80.08,75.70,133.76
NKE,35.84,2026-09-29,53.17B,17.07,21.52,0.0458,Hold,47.32,35.22,76.97
YUMC,40.80,2026-09-29,13.89B,15.01,12.65,0.0284,Strong Buy,61.92,40.15,58.39
TSCO,32.03,2026-09-28,16.69B,16.81,16.39,0.0300,Buy,35.48,28.36,58.21
KMX,59.23,2026-09-29,8.41B,27.62,18.75,,Hold,58.31,30.26,65.28
LULU,96.87,2026-09-29,10.72B,7.93,11.62,,Hold,104.91,95.35,225.98
GIL,40.98,2026-09-25,7.60B,125.50,7.65,0.0243,Buy,82.00,40.13,73.70
DIS,105.41,2026-09-29,182.01B,21.79,13.99,0.0142,Strong Buy,127.22,92.19,117.09
OMC,74.14,2026-09-29,20.34B,48.02,6.92,0.0432,Buy,102.00,66.34,89.57
CCI,67.07,2026-09-29,28.54B,27.39,25.22,0.0634,Buy,94.35,66.17,100.50
O,55.14,2026-09-29,52.16B,40.45,33.55,0.0590,Hold,67.26,54.94,67.94
DOC,20.13,2026-09-29,14.14B,58.32,93.31,0.0606,Buy,22.95,15.70,22.95
REG,72.66,2026-09-29,13.55B,24.48,28.99,0.0416,Buy,86.56,66.86,83.66
KRC,33.92,2026-09-28,3.98B,23.64,93.70,0.0637,Hold,40.14,27.36,43.58
INVH,26.57,2026-09-29,15.75B,24.42,36.33,0.0452,Buy,33.52,24.25,30.89
BXP,61.71,2026-09-29,10.96B,33.56,33.06,0.0454,Buy,76.35,49.72,76.37
PK,15.53,2026-09-29,3.13B,,29.96,0.0644,Hold,15.88,9.84,16.20
FRT,109.39,2026-09-29,9.56B,22.06,35.44,0.0424,Buy,132.95,90.03,128.21
PCG,11.94,2026-09-29,26.29B,8.58,7.10,0.0168,Buy,19.53,11.77,19.16
AEP,119.30,2026-09-29,64.95B,20.47,17.84,0.0319,Buy,143.23,108.49,140.58
DTE,122.34,2026-09-29,25.45B,19.45,15.11,0.0379,Buy,156.36,119.68,155.75
EIX,53.56,2026-09-29,20.61B,5.53,8.74,0.0655,Hold,66.36,51.12,81.62
DUK,114.21,2026-09-29,89.05B,17.07,16.81,0.0380,Buy,136.94,112.40,134.49
